,id,date,group,average_mood
26,AS14.01,2014-03-21,1,6.2
27,AS14.01,2014-03-22,1,6.4
28,AS14.01,2014-03-23,1,6.8
29,AS14.01,2014-03-24,1,6.0
30,AS14.01,2014-03-25,1,6.75
31,AS14.01,2014-03-26,1,6.6
32,AS14.01,2014-03-27,1,7.0
33,AS14.01,2014-03-28,1,6.4
34,AS14.01,2014-03-29,1,8.0
35,AS14.01,2014-03-30,1,7.5
36,AS14.01,2014-03-31,1,7.4
37,AS14.01,2014-04-01,1,6.0
38,AS14.01,2014-04-02,1,6.5
39,AS14.01,2014-04-03,1,6.4
40,AS14.01,2014-04-04,1,6.2
41,AS14.01,2014-04-05,1,6.8
42,AS14.01,2014-04-06,1,6.5
43,AS14.01,2014-04-07,1,6.5
44,AS14.01,2014-04-08,1,6.6
45,AS14.01,2014-04-09,1,7.4
46,AS14.01,2014-04-10,1,7.4
47,AS14.01,2014-04-11,1,7.0
48,AS14.01,2014-04-12,1,7.25
49,AS14.01,2014-04-13,1,8.0
50,AS14.01,2014-04-14,1,7.2
51,AS14.01,2014-04-15,1,6.4
52,AS14.01,2014-04-16,1,7.2
53,AS14.01,2014-04-17,1,6.6
54,AS14.01,2014-04-18,1,6.8
55,AS14.01,2014-04-19,1,7.8
56,AS14.01,2014-04-20,1,7.25
57,AS14.01,2014-04-21,1,7.6
58,AS14.01,2014-04-22,1,7.4
59,AS14.01,2014-04-23,1,7.6
60,AS14.01,2014-04-24,1,7.6
61,AS14.01,2014-04-25,1,7.2
62,AS14.01,2014-04-26,1,7.6
63,AS14.01,2014-04-27,1,7.5
64,AS14.01,2014-04-28,1,7.6
65,AS14.01,2014-04-29,1,7.0
66,AS14.01,2014-04-30,1,7.8
67,AS14.01,2014-05-01,1,8.0
68,AS14.01,2014-05-02,1,7.6
69,AS14.01,2014-05-03,1,8.0
70,AS14.01,2014-05-04,1,8.0
99,AS14.02,2014-03-16,2,6.333333333333333
100,AS14.02,2014-03-17,2,6.75
101,AS14.02,2014-03-18,2,8.2
102,AS14.02,2014-03-19,2,6.8
103,AS14.02,2014-03-20,2,7.25
104,AS14.02,2014-03-21,2,7.5
105,AS14.02,2014-03-22,2,6.5
106,AS14.02,2014-03-23,2,6.25
107,AS14.02,2014-03-24,2,6.4
108,AS14.02,2014-03-25,2,7.75
109,AS14.02,2014-03-26,2,7.2
110,AS14.02,2014-03-27,2,7.25
111,AS14.02,2014-03-28,2,6.8
112,AS14.02,2014-03-29,2,7.25
113,AS14.02,2014-03-30,2,7.0
114,AS14.02,2014-03-31,2,7.2
115,AS14.02,2014-04-01,2,7.4
116,AS14.02,2014-04-02,2,6.4
117,AS14.02,2014-04-03,2,5.75
118,AS14.02,2014-04-04,2,6.4
119,AS14.02,2014-04-05,2,7.4
120,AS14.02,2014-04-06,2,4.5
121,AS14.02,2014-04-07,2,6.8
122,AS14.02,2014-04-08,2,6.25
123,AS14.02,2014-04-09,2,7.25
124,AS14.02,2014-04-10,2,7.25
125,AS14.02,2014-04-11,2,6.5
126,AS14.02,2014-04-12,2,6.0
127,AS14.02,2014-04-13,2,7.2
128,AS14.02,2014-04-14,2,8.0
129,AS14.02,2014-04-15,2,7.25
130,AS14.02,2014-04-16,2,6.666666666666667
131,AS14.02,2014-04-17,2,6.5
132,AS14.02,2014-04-18,2,6.5
133,AS14.02,2014-04-19,2,5.666666666666667
134,AS14.02,2014-04-20,2,5.0
135,AS14.02,2014-04-21,2,5.5
136,AS14.02,2014-04-22,2,5.666666666666667
137,AS14.02,2014-04-23,2,5.5
138,AS14.02,2014-04-24,2,7.0
139,AS14.02,2014-04-25,2,9.0
168,AS14.03,2014-03-21,3,9.0
169,AS14.03,2014-03-22,3,7.8
170,AS14.03,2014-03-23,3,8.2
171,AS14.03,2014-03-24,3,7.8
172,AS14.03,2014-03-25,3,7.8
173,AS14.03,2014-03-26,3,8.25
174,AS14.03,2014-03-27,3,7.75
175,AS14.03,2014-03-28,3,8.0
176,AS14.03,2014-03-29,3,8.6
177,AS14.03,2014-03-30,3,8.4
178,AS14.03,2014-03-31,3,7.4
179,AS14.03,2014-04-01,3,7.6
180,AS14.03,2014-04-02,3,7.4
181,AS14.03,2014-04-03,3,7.8
182,AS14.03,2014-04-04,3,7.8
183,AS14.03,2014-04-05,3,7.6
184,AS14.03,2014-04-06,3,6.8
185,AS14.03,2014-04-07,3,7.4
186,AS14.03,2014-04-08,3,7.4
187,AS14.03,2014-04-09,3,7.8
188,AS14.03,2014-04-10,3,7.4
189,AS14.03,2014-04-11,3,7.6
190,AS14.03,2014-04-12,3,7.666666666666667
191,AS14.03,2014-04-13,3,7.4
192,AS14.03,2014-04-14,3,7.0
193,AS14.03,2014-04-15,3,7.6
194,AS14.03,2014-04-16,3,8.0
195,AS14.03,2014-04-17,3,7.25
196,AS14.03,2014-04-18,3,7.5
197,AS14.03,2014-04-19,3,7.8
198,AS14.03,2014-04-20,3,7.5
199,AS14.03,2014-04-21,3,7.4
200,AS14.03,2014-04-22,3,7.6
201,AS14.03,2014-04-23,3,7.0
202,AS14.03,2014-04-24,3,7.4
203,AS14.03,2014-04-25,3,7.5
204,AS14.03,2014-04-26,3,7.5
205,AS14.03,2014-04-27,3,7.6
206,AS14.03,2014-04-28,3,7.0
207,AS14.03,2014-04-29,3,7.2
208,AS14.03,2014-04-30,3,7.0
209,AS14.03,2014-05-01,3,7.2
210,AS14.03,2014-05-02,3,7.6
211,AS14.03,2014-05-03,3,7.75
212,AS14.03,2014-05-04,3,7.4
213,AS14.03,2014-05-05,3,7.25
234,AS14.05,2014-03-14,5,8.0
235,AS14.05,2014-03-15,5,6.2
236,AS14.05,2014-03-16,5,6.333333333333333
237,AS14.05,2014-03-17,5,6.0
238,AS14.05,2014-03-18,5,7.5
239,AS14.05,2014-03-19,5,6.75
240,AS14.05,2014-03-20,5,7.2
241,AS14.05,2014-03-21,5,7.25
242,AS14.05,2014-03-22,5,3.75
243,AS14.05,2014-03-23,5,4.4
244,AS14.05,2014-03-24,5,3.75
245,AS14.05,2014-03-25,5,5.333333333333333
246,AS14.05,2014-03-26,5,5.5
247,AS14.05,2014-03-27,5,5.8
248,AS14.05,2014-03-28,5,6.2
249,AS14.05,2014-03-29,5,6.4
250,AS14.05,2014-03-30,5,6.2
251,AS14.05,2014-03-31,5,6.8
252,AS14.05,2014-04-01,5,7.0
253,AS14.05,2014-04-02,5,7.0
254,AS14.05,2014-04-03,5,7.2
255,AS14.05,2014-04-04,5,7.0
256,AS14.05,2014-04-05,5,7.5
257,AS14.05,2014-04-06,5,6.8
258,AS14.05,2014-04-07,5,6.75
259,AS14.05,2014-04-08,5,6.75
260,AS14.05,2014-04-09,5,7.0
261,AS14.05,2014-04-10,5,7.2
262,AS14.05,2014-04-11,5,7.0
263,AS14.05,2014-04-12,5,7.0
264,AS14.05,2014-04-13,5,7.5
265,AS14.05,2014-04-14,5,6.4
266,AS14.05,2014-04-15,5,7.0
267,AS14.05,2014-04-16,5,7.2
268,AS14.05,2014-04-17,5,6.6
269,AS14.05,2014-04-18,5,7.5
270,AS14.05,2014-04-19,5,7.2
271,AS14.05,2014-04-20,5,7.2
272,AS14.05,2014-04-21,5,7.2
273,AS14.05,2014-04-22,5,7.2
274,AS14.05,2014-04-23,5,7.2
275,AS14.05,2014-04-24,5,7.2
276,AS14.05,2014-04-25,5,7.2
277,AS14.05,2014-04-26,5,7.8
278,AS14.05,2014-04-27,5,7.4
279,AS14.05,2014-04-28,5,7.0
280,AS14.05,2014-04-29,5,6.8
281,AS14.05,2014-04-30,5,7.0
282,AS14.05,2014-05-01,5,6.8
283,AS14.05,2014-05-02,5,7.0
284,AS14.05,2014-05-03,5,6.75
285,AS14.05,2014-05-04,5,7.0
286,AS14.05,2014-05-05,5,6.333333333333333
315,AS14.06,2014-03-24,6,7.0
316,AS14.06,2014-03-25,6,7.0
317,AS14.06,2014-03-26,6,8.0
318,AS14.06,2014-03-27,6,7.0
319,AS14.06,2014-03-28,6,7.6
320,AS14.06,2014-03-29,6,7.8
321,AS14.06,2014-03-30,6,7.8
322,AS14.06,2014-03-31,6,7.0
323,AS14.06,2014-04-01,6,7.75
324,AS14.06,2014-04-02,6,6.8
325,AS14.06,2014-04-03,6,7.2
326,AS14.06,2014-04-04,6,7.0
327,AS14.06,2014-04-05,6,7.0
328,AS14.06,2014-04-06,6,7.0
329,AS14.06,2014-04-07,6,6.2
330,AS14.06,2014-04-08,6,6.6
331,AS14.06,2014-04-09,6,7.4
332,AS14.06,2014-04-10,6,7.6
333,AS14.06,2014-04-11,6,7.8
334,AS14.06,2014-04-12,6,8.2
335,AS14.06,2014-04-13,6,6.5
336,AS14.06,2014-04-14,6,7.25
337,AS14.06,2014-04-15,6,7.0
338,AS14.06,2014-04-16,6,7.6
339,AS14.06,2014-04-17,6,6.8
340,AS14.06,2014-04-18,6,6.25
341,AS14.06,2014-04-19,6,6.8
342,AS14.06,2014-04-20,6,8.2
343,AS14.06,2014-04-21,6,7.0
344,AS14.06,2014-04-22,6,6.6
345,AS14.06,2014-04-23,6,7.0
346,AS14.06,2014-04-24,6,7.75
347,AS14.06,2014-04-25,6,6.4
348,AS14.06,2014-04-26,6,7.5
349,AS14.06,2014-04-27,6,7.2
350,AS14.06,2014-04-28,6,6.75
351,AS14.06,2014-04-29,6,7.25
352,AS14.06,2014-04-30,6,6.8
353,AS14.06,2014-05-01,6,8.0
354,AS14.06,2014-05-02,6,7.2
355,AS14.06,2014-05-03,6,6.25
356,AS14.06,2014-05-04,6,7.6
357,AS14.06,2014-05-05,6,7.0
363,AS14.07,2014-03-19,8,6.8
364,AS14.07,2014-03-20,8,5.25
365,AS14.07,2014-03-21,8,7.0
366,AS14.07,2014-03-22,8,6.0
367,AS14.07,2014-03-23,8,7.75
368,AS14.07,2014-03-24,8,8.0
369,AS14.07,2014-03-25,8,7.666666666666667
370,AS14.07,2014-03-26,8,6.6
371,AS14.07,2014-03-27,8,6.8
372,AS14.07,2014-03-28,8,8.25
373,AS14.07,2014-03-29,8,7.0
374,AS14.07,2014-03-30,8,6.2
375,AS14.07,2014-03-31,8,4.333333333333333
376,AS14.07,2014-04-01,8,6.6
377,AS14.07,2014-04-02,8,5.5
378,AS14.07,2014-04-03,8,6.2
379,AS14.07,2014-04-04,8,6.5
380,AS14.07,2014-04-05,8,6.0
381,AS14.07,2014-04-06,8,6.75
382,AS14.07,2014-04-07,8,5.4
383,AS14.07,2014-04-08,8,6.8
384,AS14.07,2014-04-09,8,6.4
385,AS14.07,2014-04-10,8,6.2
386,AS14.07,2014-04-11,8,3.5
387,AS14.07,2014-04-12,8,6.4
388,AS14.07,2014-04-13,8,6.5
389,AS14.07,2014-04-14,8,6.2
390,AS14.07,2014-04-15,8,6.0
391,AS14.07,2014-04-16,8,4.75
392,AS14.07,2014-04-17,8,3.8
393,AS14.07,2014-04-18,8,5.2
394,AS14.07,2014-04-19,8,7.0
395,AS14.07,2014-04-20,8,3.0
396,AS14.07,2014-04-21,8,6.6
397,AS14.07,2014-04-22,8,6.0
398,AS14.07,2014-04-23,8,6.0
399,AS14.07,2014-04-24,8,5.6
400,AS14.07,2014-04-25,8,3.333333333333333
401,AS14.07,2014-04-26,8,5.4
402,AS14.07,2014-04-27,8,6.0
403,AS14.07,2014-04-28,8,6.75
404,AS14.07,2014-04-29,8,5.0
405,AS14.07,2014-04-30,8,5.0
406,AS14.07,2014-05-01,8,5.0
407,AS14.07,2014-05-02,8,6.2
408,AS14.07,2014-05-03,8,5.666666666666667
409,AS14.07,2014-05-04,8,8.0
410,AS14.07,2014-05-05,8,5.5
416,AS14.08,2014-03-05,9,6.333333333333333
417,AS14.08,2014-03-06,9,7.2
418,AS14.08,2014-03-07,9,7.4
419,AS14.08,2014-03-08,9,7.0
420,AS14.08,2014-03-09,9,7.2
421,AS14.08,2014-03-10,9,6.8
422,AS14.08,2014-03-11,9,6.6
423,AS14.08,2014-03-12,9,7.0
424,AS14.08,2014-03-13,9,6.6
425,AS14.08,2014-03-14,9,7.4
426,AS14.08,2014-03-15,9,6.4
427,AS14.08,2014-03-16,9,7.0
428,AS14.08,2014-03-17,9,5.4
429,AS14.08,2014-03-18,9,6.4
430,AS14.08,2014-03-19,9,7.0
431,AS14.08,2014-03-20,9,6.4
432,AS14.08,2014-03-21,9,6.6
433,AS14.08,2014-03-22,9,6.4
434,AS14.08,2014-03-23,9,7.2
435,AS14.08,2014-03-24,9,6.8
436,AS14.08,2014-03-25,9,7.2
437,AS14.08,2014-03-26,9,6.5
438,AS14.08,2014-03-27,9,6.333333333333333
439,AS14.08,2014-03-28,9,6.25
440,AS14.08,2014-03-29,9,7.166666666666667
441,AS14.08,2014-03-30,9,6.8
442,AS14.08,2014-03-31,9,7.6
443,AS14.08,2014-04-01,9,7.2
444,AS14.08,2014-04-02,9,6.6
445,AS14.08,2014-04-03,9,7.0
446,AS14.08,2014-04-04,9,7.5
447,AS14.08,2014-04-05,9,7.4
448,AS14.08,2014-04-06,9,7.6
449,AS14.08,2014-04-07,9,7.0
450,AS14.08,2014-04-08,9,6.5
451,AS14.08,2014-04-09,9,6.25
452,AS14.08,2014-04-10,9,7.6
453,AS14.08,2014-04-11,9,7.6
454,AS14.08,2014-04-12,9,7.0
455,AS14.08,2014-04-13,9,7.6
456,AS14.08,2014-04-14,9,6.6
457,AS14.08,2014-04-15,9,6.4
458,AS14.08,2014-04-16,9,6.6
459,AS14.08,2014-04-17,9,6.2
460,AS14.08,2014-04-18,9,6.0
461,AS14.08,2014-04-19,9,7.8
462,AS14.08,2014-04-20,9,6.4
463,AS14.08,2014-04-21,9,6.4
464,AS14.08,2014-04-22,9,6.0
465,AS14.08,2014-04-23,9,5.6
466,AS14.08,2014-04-24,9,6.666666666666667
467,AS14.08,2014-04-25,9,6.333333333333333
468,AS14.08,2014-04-26,9,6.0
469,AS14.08,2014-04-27,9,6.0
470,AS14.08,2014-04-28,9,5.8
471,AS14.08,2014-04-29,9,5.75
472,AS14.08,2014-04-30,9,6.666666666666667
473,AS14.08,2014-05-01,9,7.0
474,AS14.08,2014-05-02,9,7.2
475,AS14.08,2014-05-03,9,7.4
476,AS14.08,2014-05-04,9,6.8
477,AS14.08,2014-05-05,9,6.666666666666667
503,AS14.09,2014-03-21,10,7.0
504,AS14.09,2014-03-22,10,7.0
505,AS14.09,2014-03-23,10,6.75
506,AS14.09,2014-03-24,10,7.25
507,AS14.09,2014-03-25,10,6.2
508,AS14.09,2014-03-26,10,7.75
509,AS14.09,2014-03-27,10,7.8
510,AS14.09,2014-03-28,10,8.25
511,AS14.09,2014-03-29,10,8.0
512,AS14.09,2014-03-30,10,7.75
513,AS14.09,2014-03-31,10,7.0
514,AS14.09,2014-04-01,10,7.6
515,AS14.09,2014-04-02,10,6.2
516,AS14.09,2014-04-03,10,7.6
517,AS14.09,2014-04-04,10,7.25
518,AS14.09,2014-04-05,10,7.5
519,AS14.09,2014-04-06,10,6.8
520,AS14.09,2014-04-07,10,6.2
521,AS14.09,2014-04-08,10,7.2
522,AS14.09,2014-04-09,10,6.5
523,AS14.09,2014-04-10,10,6.0
524,AS14.09,2014-04-11,10,6.8
525,AS14.09,2014-04-12,10,7.0
526,AS14.09,2014-04-13,10,6.0
527,AS14.09,2014-04-14,10,5.8
528,AS14.09,2014-04-15,10,6.0
529,AS14.09,2014-04-16,10,5.5
530,AS14.09,2014-04-17,10,7.0
531,AS14.09,2014-04-18,10,6.6
532,AS14.09,2014-04-19,10,8.0
533,AS14.09,2014-04-20,10,6.25
534,AS14.09,2014-04-21,10,6.5
535,AS14.09,2014-04-22,10,6.6
536,AS14.09,2014-04-23,10,6.333333333333333
537,AS14.09,2014-04-24,10,7.2
538,AS14.09,2014-04-25,10,7.25
539,AS14.09,2014-04-26,10,8.0
540,AS14.09,2014-04-27,10,6.25
541,AS14.09,2014-04-28,10,6.6
542,AS14.09,2014-04-29,10,6.75
543,AS14.09,2014-04-30,10,7.0
544,AS14.09,2014-05-01,10,7.5
545,AS14.09,2014-05-02,10,7.6
546,AS14.09,2014-05-03,10,7.75
547,AS14.09,2014-05-04,10,6.6
548,AS14.09,2014-05-05,10,6.0
576,AS14.12,2014-03-27,12,7.0
577,AS14.12,2014-03-28,12,6.75
578,AS14.12,2014-03-29,12,6.75
579,AS14.12,2014-03-30,12,5.8
580,AS14.12,2014-03-31,12,6.4
581,AS14.12,2014-04-01,12,6.4
582,AS14.12,2014-04-02,12,6.0
583,AS14.12,2014-04-03,12,5.4
584,AS14.12,2014-04-04,12,6.5
585,AS14.12,2014-04-05,12,6.2
586,AS14.12,2014-04-06,12,6.25
587,AS14.12,2014-04-07,12,6.4
588,AS14.12,2014-04-08,12,6.25
589,AS14.12,2014-04-09,12,5.25
590,AS14.12,2014-04-10,12,6.4
591,AS14.12,2014-04-11,12,6.6
592,AS14.12,2014-04-12,12,6.8
593,AS14.12,2014-04-13,12,5.6
594,AS14.12,2014-04-14,12,6.6
595,AS14.12,2014-04-15,12,6.8
596,AS14.12,2014-04-16,12,7.0
597,AS14.12,2014-04-17,12,6.8
598,AS14.12,2014-04-18,12,6.6
599,AS14.12,2014-04-19,12,5.8
600,AS14.12,2014-04-20,12,6.4
601,AS14.12,2014-04-21,12,6.0
602,AS14.12,2014-04-22,12,6.5
603,AS14.12,2014-04-23,12,5.8
604,AS14.12,2014-04-24,12,6.6
605,AS14.12,2014-04-25,12,5.6
606,AS14.12,2014-04-26,12,7.0
607,AS14.12,2014-04-27,12,6.0
608,AS14.12,2014-04-28,12,6.6
609,AS14.12,2014-04-29,12,6.0
610,AS14.12,2014-04-30,12,6.25
611,AS14.12,2014-05-01,12,6.2
612,AS14.12,2014-05-02,12,5.5
613,AS14.12,2014-05-03,12,5.6
614,AS14.12,2014-05-04,12,4.8
615,AS14.12,2014-05-05,12,6.0
635,AS14.13,2014-03-13,13,7.0
636,AS14.13,2014-03-14,13,7.8
637,AS14.13,2014-03-15,13,7.0
638,AS14.13,2014-03-16,13,6.4
639,AS14.13,2014-03-17,13,6.6
640,AS14.13,2014-03-18,13,7.0
641,AS14.13,2014-03-19,13,7.8
642,AS14.13,2014-03-20,13,6.4
643,AS14.13,2014-03-21,13,6.4
644,AS14.13,2014-03-22,13,8.4
645,AS14.13,2014-03-23,13,7.4
646,AS14.13,2014-03-24,13,8.8
647,AS14.13,2014-03-25,13,7.6
648,AS14.13,2014-03-26,13,8.4
649,AS14.13,2014-03-27,13,7.4
650,AS14.13,2014-03-28,13,7.6
651,AS14.13,2014-03-29,13,7.2
652,AS14.13,2014-03-30,13,6.2
653,AS14.13,2014-03-31,13,7.0
654,AS14.13,2014-04-01,13,7.5
655,AS14.13,2014-04-02,13,7.4
656,AS14.13,2014-04-03,13,7.6
657,AS14.13,2014-04-04,13,7.8
658,AS14.13,2014-04-05,13,6.8
659,AS14.13,2014-04-06,13,6.25
660,AS14.13,2014-04-07,13,7.4
661,AS14.13,2014-04-08,13,8.2
662,AS14.13,2014-04-09,13,7.8
663,AS14.13,2014-04-10,13,7.6
664,AS14.13,2014-04-11,13,6.8
665,AS14.13,2014-04-12,13,6.8
666,AS14.13,2014-04-13,13,6.6
667,AS14.13,2014-04-14,13,6.8
668,AS14.13,2014-04-15,13,6.0
669,AS14.13,2014-04-16,13,6.0
670,AS14.13,2014-04-17,13,6.4
671,AS14.13,2014-04-18,13,3.5
672,AS14.13,2014-04-19,13,7.2
673,AS14.13,2014-04-20,13,6.6
674,AS14.13,2014-04-21,13,7.4
675,AS14.13,2014-04-22,13,5.75
676,AS14.13,2014-04-23,13,7.4
677,AS14.13,2014-04-24,13,7.666666666666667
678,AS14.13,2014-04-25,13,7.75
679,AS14.13,2014-04-26,13,8.8
680,AS14.13,2014-04-27,13,8.0
681,AS14.13,2014-04-28,13,8.166666666666666
682,AS14.13,2014-04-29,13,8.5
683,AS14.13,2014-04-30,13,7.833333333333333
684,AS14.13,2014-05-01,13,8.333333333333334
685,AS14.13,2014-05-02,13,8.0
686,AS14.13,2014-05-03,13,7.25
687,AS14.13,2014-05-04,13,8.0
713,AS14.14,2014-03-20,14,7.0
714,AS14.14,2014-03-21,14,6.4
715,AS14.14,2014-03-22,14,5.8
716,AS14.14,2014-03-23,14,6.0
717,AS14.14,2014-03-24,14,6.5
718,AS14.14,2014-03-25,14,5.75
719,AS14.14,2014-03-26,14,7.0
720,AS14.14,2014-03-27,14,6.6
721,AS14.14,2014-03-28,14,6.2
722,AS14.14,2014-03-29,14,8.0
723,AS14.14,2014-03-30,14,6.5
724,AS14.14,2014-03-31,14,6.75
725,AS14.14,2014-04-01,14,6.2
726,AS14.14,2014-04-02,14,7.0
727,AS14.14,2014-04-03,14,7.333333333333333
728,AS14.14,2014-04-04,14,7.5
729,AS14.14,2014-04-05,14,7.4
730,AS14.14,2014-04-06,14,7.4
731,AS14.14,2014-04-07,14,7.0
732,AS14.14,2014-04-08,14,6.8
733,AS14.14,2014-04-09,14,8.0
734,AS14.14,2014-04-10,14,6.666666666666667
735,AS14.14,2014-04-11,14,7.75
736,AS14.14,2014-04-12,14,7.5
738,AS14.14,2014-04-14,15,7.5
739,AS14.14,2014-04-15,15,6.0
740,AS14.14,2014-04-16,15,6.0
741,AS14.14,2014-04-17,15,6.2
742,AS14.14,2014-04-18,15,6.5
743,AS14.14,2014-04-19,15,6.75
744,AS14.14,2014-04-20,15,7.5
745,AS14.14,2014-04-21,15,7.0
746,AS14.14,2014-04-22,15,7.0
747,AS14.14,2014-04-23,15,7.0
748,AS14.14,2014-04-24,15,7.333333333333333
749,AS14.14,2014-04-25,15,8.0
750,AS14.14,2014-04-26,15,8.0
751,AS14.14,2014-04-27,15,7.666666666666667
754,AS14.14,2014-04-30,16,7.0
755,AS14.14,2014-05-01,16,6.0
756,AS14.14,2014-05-02,16,6.666666666666667
757,AS14.14,2014-05-03,16,6.8
758,AS14.14,2014-05-04,16,6.8
759,AS14.14,2014-05-05,16,7.0
783,AS14.15,2014-03-14,17,6.5
784,AS14.15,2014-03-15,17,6.75
785,AS14.15,2014-03-16,17,6.166666666666667
786,AS14.15,2014-03-17,17,6.4
787,AS14.15,2014-03-18,17,7.2
788,AS14.15,2014-03-19,17,7.4
789,AS14.15,2014-03-20,17,7.0
790,AS14.15,2014-03-21,17,7.0
791,AS14.15,2014-03-22,17,7.0
792,AS14.15,2014-03-23,17,7.0
793,AS14.15,2014-03-24,17,7.0
794,AS14.15,2014-03-25,17,7.0
795,AS14.15,2014-03-26,17,7.2
796,AS14.15,2014-03-27,17,7.0
797,AS14.15,2014-03-28,17,7.2
798,AS14.15,2014-03-29,17,7.0
799,AS14.15,2014-03-30,17,7.4
800,AS14.15,2014-03-31,17,7.2
801,AS14.15,2014-04-01,17,7.2
802,AS14.15,2014-04-02,17,7.2
803,AS14.15,2014-04-03,17,7.2
804,AS14.15,2014-04-04,17,7.2
805,AS14.15,2014-04-05,17,7.8
806,AS14.15,2014-04-06,17,6.2
807,AS14.15,2014-04-07,17,6.8
808,AS14.15,2014-04-08,17,6.8
809,AS14.15,2014-04-09,17,7.0
810,AS14.15,2014-04-10,17,7.2
811,AS14.15,2014-04-11,17,7.0
812,AS14.15,2014-04-12,17,7.4
813,AS14.15,2014-04-13,17,7.0
814,AS14.15,2014-04-14,17,7.0
815,AS14.15,2014-04-15,17,7.0
816,AS14.15,2014-04-16,17,7.0
817,AS14.15,2014-04-17,17,6.4
818,AS14.15,2014-04-18,17,6.0
819,AS14.15,2014-04-19,17,7.0
820,AS14.15,2014-04-20,17,7.0
821,AS14.15,2014-04-21,17,7.2
822,AS14.15,2014-04-22,17,7.0
823,AS14.15,2014-04-23,17,7.0
824,AS14.15,2014-04-24,17,7.0
825,AS14.15,2014-04-25,17,7.0
826,AS14.15,2014-04-26,17,6.2
827,AS14.15,2014-04-27,17,7.0
828,AS14.15,2014-04-28,17,7.0
829,AS14.15,2014-04-29,17,7.0
830,AS14.15,2014-04-30,17,6.0
831,AS14.15,2014-05-01,17,6.6
832,AS14.15,2014-05-02,17,7.0
833,AS14.15,2014-05-03,17,6.8
834,AS14.15,2014-05-04,17,7.0
835,AS14.15,2014-05-05,17,7.0
859,AS14.16,2014-03-13,19,8.0
860,AS14.16,2014-03-14,19,7.4
861,AS14.16,2014-03-15,19,6.4
862,AS14.16,2014-03-16,19,6.6
863,AS14.16,2014-03-17,19,7.2
864,AS14.16,2014-03-18,19,6.6
865,AS14.16,2014-03-19,19,6.4
866,AS14.16,2014-03-20,19,5.666666666666667
867,AS14.16,2014-03-21,19,6.8
868,AS14.16,2014-03-22,19,6.5
869,AS14.16,2014-03-23,19,7.0
870,AS14.16,2014-03-24,19,6.4
871,AS14.16,2014-03-25,19,6.0
872,AS14.16,2014-03-26,19,5.6
873,AS14.16,2014-03-27,19,6.0
874,AS14.16,2014-03-28,19,6.5
875,AS14.16,2014-03-29,19,6.0
876,AS14.16,2014-03-30,19,5.4
877,AS14.16,2014-03-31,19,6.0
878,AS14.16,2014-04-01,19,5.8
879,AS14.16,2014-04-02,19,6.4
880,AS14.16,2014-04-03,19,6.25
881,AS14.16,2014-04-04,19,6.2
882,AS14.16,2014-04-05,19,7.0
883,AS14.16,2014-04-06,19,6.75
884,AS14.16,2014-04-07,19,7.0
885,AS14.16,2014-04-08,19,6.4
886,AS14.16,2014-04-09,19,7.2
887,AS14.16,2014-04-10,19,6.6
888,AS14.16,2014-04-11,19,7.0
889,AS14.16,2014-04-12,19,7.0
890,AS14.16,2014-04-13,19,6.4
891,AS14.16,2014-04-14,19,7.0
892,AS14.16,2014-04-15,19,6.6
893,AS14.16,2014-04-16,19,7.25
894,AS14.16,2014-04-17,19,7.0
895,AS14.16,2014-04-18,19,6.8
896,AS14.16,2014-04-19,19,7.2
897,AS14.16,2014-04-20,19,7.0
898,AS14.16,2014-04-21,19,7.25
899,AS14.16,2014-04-22,19,6.6
900,AS14.16,2014-04-23,19,7.25
901,AS14.16,2014-04-24,19,5.4
902,AS14.16,2014-04-25,19,7.2
903,AS14.16,2014-04-26,19,6.75
904,AS14.16,2014-04-27,19,7.2
905,AS14.16,2014-04-28,19,8.0
906,AS14.16,2014-04-29,19,7.0
907,AS14.16,2014-04-30,19,7.0
908,AS14.16,2014-05-01,19,7.0
909,AS14.16,2014-05-02,19,8.0
925,AS14.17,2014-03-04,21,7.0
926,AS14.17,2014-03-05,21,8.0
927,AS14.17,2014-03-06,21,7.25
928,AS14.17,2014-03-07,21,7.5
929,AS14.17,2014-03-08,21,7.6
930,AS14.17,2014-03-09,21,7.2
931,AS14.17,2014-03-10,21,7.333333333333333
932,AS14.17,2014-03-11,21,6.2
933,AS14.17,2014-03-12,21,6.4
934,AS14.17,2014-03-13,21,7.25
935,AS14.17,2014-03-14,21,8.0
942,AS14.17,2014-03-21,22,7.4
943,AS14.17,2014-03-22,22,7.4
944,AS14.17,2014-03-23,22,7.4
945,AS14.17,2014-03-24,22,7.0
946,AS14.17,2014-03-25,22,7.5
947,AS14.17,2014-03-26,22,7.2
948,AS14.17,2014-03-27,22,7.2
949,AS14.17,2014-03-28,22,7.2
950,AS14.17,2014-03-29,22,6.8
951,AS14.17,2014-03-30,22,8.0
952,AS14.17,2014-03-31,22,7.25
953,AS14.17,2014-04-01,22,7.4
954,AS14.17,2014-04-02,22,7.5
955,AS14.17,2014-04-03,22,7.2
956,AS14.17,2014-04-04,22,7.0
957,AS14.17,2014-04-05,22,7.0
958,AS14.17,2014-04-06,22,7.25
959,AS14.17,2014-04-07,22,7.0
960,AS14.17,2014-04-08,22,7.0
961,AS14.17,2014-04-09,22,7.0
962,AS14.17,2014-04-10,22,6.75
963,AS14.17,2014-04-11,22,7.2
964,AS14.17,2014-04-12,22,7.2
965,AS14.17,2014-04-13,22,7.2
966,AS14.17,2014-04-14,22,7.0
967,AS14.17,2014-04-15,22,7.0
968,AS14.17,2014-04-16,22,7.2
969,AS14.17,2014-04-17,22,7.0
970,AS14.17,2014-04-18,22,7.0
971,AS14.17,2014-04-19,22,7.0
972,AS14.17,2014-04-20,22,7.2
973,AS14.17,2014-04-21,22,7.4
974,AS14.17,2014-04-22,22,6.6
975,AS14.17,2014-04-23,22,7.25
976,AS14.17,2014-04-24,22,7.2
977,AS14.17,2014-04-25,22,7.2
978,AS14.17,2014-04-26,22,8.0
979,AS14.17,2014-04-27,22,7.2
980,AS14.17,2014-04-28,22,6.75
981,AS14.17,2014-04-29,22,7.0
982,AS14.17,2014-04-30,22,7.0
983,AS14.17,2014-05-01,22,8.0
984,AS14.17,2014-05-02,22,7.0
985,AS14.17,2014-05-03,22,7.25
1015,AS14.19,2014-03-21,24,4.666666666666667
1016,AS14.19,2014-03-22,24,6.6
1017,AS14.19,2014-03-23,24,7.0
1018,AS14.19,2014-03-24,24,6.0
1019,AS14.19,2014-03-25,24,5.5
1020,AS14.19,2014-03-26,24,6.0
1021,AS14.19,2014-03-27,24,6.6
1022,AS14.19,2014-03-28,24,6.6
1023,AS14.19,2014-03-29,24,7.4
1024,AS14.19,2014-03-30,24,7.0
1025,AS14.19,2014-03-31,24,7.2
1026,AS14.19,2014-04-01,24,6.4
1027,AS14.19,2014-04-02,24,7.6
1028,AS14.19,2014-04-03,24,6.6
1029,AS14.19,2014-04-04,24,7.0
1030,AS14.19,2014-04-05,24,8.0
1031,AS14.19,2014-04-06,24,7.25
1032,AS14.19,2014-04-07,24,6.6
1033,AS14.19,2014-04-08,24,6.8
1034,AS14.19,2014-04-09,24,7.2
1035,AS14.19,2014-04-10,24,6.75
1036,AS14.19,2014-04-11,24,6.8
1037,AS14.19,2014-04-12,24,7.2
1038,AS14.19,2014-04-13,24,7.2
1039,AS14.19,2014-04-14,24,7.0
1040,AS14.19,2014-04-15,24,6.4
1041,AS14.19,2014-04-16,24,6.8
1042,AS14.19,2014-04-17,24,6.8
1043,AS14.19,2014-04-18,24,6.8
1044,AS14.19,2014-04-19,24,6.8
1045,AS14.19,2014-04-20,24,7.6
1046,AS14.19,2014-04-21,24,6.4
1047,AS14.19,2014-04-22,24,6.8
1048,AS14.19,2014-04-23,24,6.0
1049,AS14.19,2014-04-24,24,6.6
1050,AS14.19,2014-04-25,24,7.25
1051,AS14.19,2014-04-26,24,7.75
1052,AS14.19,2014-04-27,24,6.333333333333333
1053,AS14.19,2014-04-28,24,6.4
1054,AS14.19,2014-04-29,24,7.2
1055,AS14.19,2014-04-30,24,7.0
1056,AS14.19,2014-05-01,24,6.8
1057,AS14.19,2014-05-02,24,7.8
1058,AS14.19,2014-05-03,24,7.4
1059,AS14.19,2014-05-04,24,6.6
1060,AS14.19,2014-05-05,24,7.0
1080,AS14.20,2014-03-20,25,7.0
1081,AS14.20,2014-03-21,25,7.0
1082,AS14.20,2014-03-22,25,7.5
1083,AS14.20,2014-03-23,25,7.6
1084,AS14.20,2014-03-24,25,6.8
1085,AS14.20,2014-03-25,25,6.0
1086,AS14.20,2014-03-26,25,6.8
1087,AS14.20,2014-03-27,25,7.0
1088,AS14.20,2014-03-28,25,6.25
1089,AS14.20,2014-03-29,25,7.4
1090,AS14.20,2014-03-30,25,7.5
1091,AS14.20,2014-03-31,25,7.0
1092,AS14.20,2014-04-01,25,6.25
1093,AS14.20,2014-04-02,25,6.5
1094,AS14.20,2014-04-03,25,6.666666666666667
1095,AS14.20,2014-04-04,25,7.0
1096,AS14.20,2014-04-05,25,7.0
1097,AS14.20,2014-04-06,25,7.0
1098,AS14.20,2014-04-07,25,6.8
1099,AS14.20,2014-04-08,25,7.25
1100,AS14.20,2014-04-09,25,7.75
1101,AS14.20,2014-04-10,25,7.0
1102,AS14.20,2014-04-11,25,7.5
1103,AS14.20,2014-04-12,25,6.8
1104,AS14.20,2014-04-13,25,6.8
1105,AS14.20,2014-04-14,25,6.8
1106,AS14.20,2014-04-15,25,6.8
1107,AS14.20,2014-04-16,25,7.2
1108,AS14.20,2014-04-17,25,6.4
1109,AS14.20,2014-04-18,25,6.75
1110,AS14.20,2014-04-19,25,7.5
1111,AS14.20,2014-04-20,25,7.6
1112,AS14.20,2014-04-21,25,7.4
1113,AS14.20,2014-04-22,25,6.4
1114,AS14.20,2014-04-23,25,7.0
1115,AS14.20,2014-04-24,25,7.0
1116,AS14.20,2014-04-25,25,7.0
1117,AS14.20,2014-04-26,25,7.0
1118,AS14.20,2014-04-27,25,6.8
1119,AS14.20,2014-04-28,25,6.8
1120,AS14.20,2014-04-29,25,7.25
1121,AS14.20,2014-04-30,25,7.0
1122,AS14.20,2014-05-01,25,7.0
1123,AS14.20,2014-05-02,25,7.2
1124,AS14.20,2014-05-03,25,6.75
1125,AS14.20,2014-05-04,25,7.333333333333333
1126,AS14.20,2014-05-05,25,7.0
1146,AS14.23,2014-03-22,26,7.0
1147,AS14.23,2014-03-23,26,7.0
1148,AS14.23,2014-03-24,26,5.8
1149,AS14.23,2014-03-25,26,6.2
1150,AS14.23,2014-03-26,26,7.0
1151,AS14.23,2014-03-27,26,7.0
1152,AS14.23,2014-03-28,26,7.0
1153,AS14.23,2014-03-29,26,7.25
1154,AS14.23,2014-03-30,26,7.0
1155,AS14.23,2014-03-31,26,7.5
1156,AS14.23,2014-04-01,26,7.5
1157,AS14.23,2014-04-02,26,7.0
1158,AS14.23,2014-04-03,26,7.0
1159,AS14.23,2014-04-04,26,7.0
1160,AS14.23,2014-04-05,26,6.5
1161,AS14.23,2014-04-06,26,7.0
1162,AS14.23,2014-04-07,26,5.75
1163,AS14.23,2014-04-08,26,6.6
1164,AS14.23,2014-04-09,26,7.2
1165,AS14.23,2014-04-10,26,7.0
1166,AS14.23,2014-04-11,26,7.0
1167,AS14.23,2014-04-12,26,7.75
1168,AS14.23,2014-04-13,26,7.2
1170,AS14.23,2014-04-15,27,7.25
1171,AS14.23,2014-04-16,27,7.4
1172,AS14.23,2014-04-17,27,7.4
1173,AS14.23,2014-04-18,27,7.6
1174,AS14.23,2014-04-19,27,7.75
1175,AS14.23,2014-04-20,27,7.75
1176,AS14.23,2014-04-21,27,7.2
1177,AS14.23,2014-04-22,27,6.2
1178,AS14.23,2014-04-23,27,7.0
1179,AS14.23,2014-04-24,27,7.4
1180,AS14.23,2014-04-25,27,7.8
1181,AS14.23,2014-04-26,27,7.5
1182,AS14.23,2014-04-27,27,7.0
1183,AS14.23,2014-04-28,27,7.6
1184,AS14.23,2014-04-29,27,7.4
1185,AS14.23,2014-04-30,27,9.0
1195,AS14.24,2014-04-14,28,8.0
1196,AS14.24,2014-04-15,28,7.6
1197,AS14.24,2014-04-16,28,7.4
1198,AS14.24,2014-04-17,28,6.75
1199,AS14.24,2014-04-18,28,7.0
1200,AS14.24,2014-04-19,28,7.25
1201,AS14.24,2014-04-20,28,7.8
1202,AS14.24,2014-04-21,28,7.5
1203,AS14.24,2014-04-22,28,7.2
1204,AS14.24,2014-04-23,28,7.5
1205,AS14.24,2014-04-24,28,6.8
1206,AS14.24,2014-04-25,28,6.2
1207,AS14.24,2014-04-26,28,7.6
1208,AS14.24,2014-04-27,28,7.0
1209,AS14.24,2014-04-28,28,6.8
1210,AS14.24,2014-04-29,28,6.0
1211,AS14.24,2014-04-30,28,6.333333333333333
1212,AS14.24,2014-05-01,28,7.4
1213,AS14.24,2014-05-02,28,7.0
1214,AS14.24,2014-05-03,28,6.833333333333333
1215,AS14.24,2014-05-04,28,7.5
1216,AS14.24,2014-05-05,28,6.0
1218,AS14.24,2014-05-07,29,7.0
1219,AS14.24,2014-05-08,29,7.0
1220,AS14.24,2014-05-09,29,7.4
1221,AS14.24,2014-05-10,29,7.0
1222,AS14.24,2014-05-11,29,7.25
1223,AS14.24,2014-05-12,29,7.0
1224,AS14.24,2014-05-13,29,7.5
1225,AS14.24,2014-05-14,29,5.2
1226,AS14.24,2014-05-15,29,6.4
1227,AS14.24,2014-05-16,29,7.0
1228,AS14.24,2014-05-17,29,7.6
1229,AS14.24,2014-05-18,29,7.2
1230,AS14.24,2014-05-19,29,7.4
1231,AS14.24,2014-05-20,29,7.0
1232,AS14.24,2014-05-21,29,6.2
1233,AS14.24,2014-05-22,29,6.6
1234,AS14.24,2014-05-23,29,6.8
1235,AS14.24,2014-05-24,29,7.2
1236,AS14.24,2014-05-25,29,7.0
1237,AS14.24,2014-05-26,29,7.0
1238,AS14.24,2014-05-27,29,6.2
1239,AS14.24,2014-05-28,29,6.6
1240,AS14.24,2014-05-29,29,7.0
1241,AS14.24,2014-05-30,29,7.4
1242,AS14.24,2014-05-31,29,7.0
1243,AS14.24,2014-06-01,29,6.833333333333333
1244,AS14.24,2014-06-02,29,6.75
1245,AS14.24,2014-06-03,29,7.8
1246,AS14.24,2014-06-04,29,7.0
1247,AS14.24,2014-06-05,29,7.0
1248,AS14.24,2014-06-06,29,7.5
1249,AS14.24,2014-06-07,29,8.0
1250,AS14.24,2014-06-08,29,6.5
1296,AS14.25,2014-04-08,30,8.0
1297,AS14.25,2014-04-09,30,7.4
1298,AS14.25,2014-04-10,30,6.5
1299,AS14.25,2014-04-11,30,7.75
1300,AS14.25,2014-04-12,30,7.0
1301,AS14.25,2014-04-13,30,6.6
1302,AS14.25,2014-04-14,30,6.4
1303,AS14.25,2014-04-15,30,6.5
1304,AS14.25,2014-04-16,30,7.2
1305,AS14.25,2014-04-17,30,6.5
1306,AS14.25,2014-04-18,30,6.25
1307,AS14.25,2014-04-19,30,7.5
1308,AS14.25,2014-04-20,30,6.8
1309,AS14.25,2014-04-21,30,7.4
1310,AS14.25,2014-04-22,30,8.25
1311,AS14.25,2014-04-23,30,6.5
1312,AS14.25,2014-04-24,30,6.0
1313,AS14.25,2014-04-25,30,6.25
1314,AS14.25,2014-04-26,30,7.0
1315,AS14.25,2014-04-27,30,7.4
1316,AS14.25,2014-04-28,30,7.2
1317,AS14.25,2014-04-29,30,6.0
1318,AS14.25,2014-04-30,30,6.2
1319,AS14.25,2014-05-01,30,7.0
1320,AS14.25,2014-05-02,30,6.5
1321,AS14.25,2014-05-03,30,6.4
1322,AS14.25,2014-05-04,30,7.2
1323,AS14.25,2014-05-05,30,6.666666666666667
1358,AS14.26,2014-03-23,32,7.5
1359,AS14.26,2014-03-24,32,7.0
1360,AS14.26,2014-03-25,32,6.6
1361,AS14.26,2014-03-26,32,6.4
1362,AS14.26,2014-03-27,32,6.2
1363,AS14.26,2014-03-28,32,8.0
1364,AS14.26,2014-03-29,32,8.2
1365,AS14.26,2014-03-30,32,7.2
1366,AS14.26,2014-03-31,32,7.0
1367,AS14.26,2014-04-01,32,6.6
1368,AS14.26,2014-04-02,32,6.4
1369,AS14.26,2014-04-03,32,6.8
1370,AS14.26,2014-04-04,32,6.75
1371,AS14.26,2014-04-05,32,8.0
1372,AS14.26,2014-04-06,32,6.75
1373,AS14.26,2014-04-07,32,6.75
1374,AS14.26,2014-04-08,32,6.4
1375,AS14.26,2014-04-09,32,6.4
1376,AS14.26,2014-04-10,32,6.6
1377,AS14.26,2014-04-11,32,6.6
1378,AS14.26,2014-04-12,32,7.75
1379,AS14.26,2014-04-13,32,7.0
1380,AS14.26,2014-04-14,32,7.4
1381,AS14.26,2014-04-15,32,6.8
1382,AS14.26,2014-04-16,32,6.8
1383,AS14.26,2014-04-17,32,6.0
1384,AS14.26,2014-04-18,32,7.2
1385,AS14.26,2014-04-19,32,8.0
1386,AS14.26,2014-04-20,32,8.0
1387,AS14.26,2014-04-21,32,6.4
1388,AS14.26,2014-04-22,32,7.25
1389,AS14.26,2014-04-23,32,6.2
1390,AS14.26,2014-04-24,32,5.8
1391,AS14.26,2014-04-25,32,6.6
1392,AS14.26,2014-04-26,32,8.0
1393,AS14.26,2014-04-27,32,7.8
1394,AS14.26,2014-04-28,32,8.0
1395,AS14.26,2014-04-29,32,6.6
1396,AS14.26,2014-04-30,32,6.2
1397,AS14.26,2014-05-01,32,6.8
1398,AS14.26,2014-05-02,32,7.2
1399,AS14.26,2014-05-03,32,7.8
1400,AS14.26,2014-05-04,32,7.4
1401,AS14.26,2014-05-05,32,6.5
1403,AS14.26,2014-05-07,33,6.8
1404,AS14.26,2014-05-08,33,6.6
1405,AS14.26,2014-05-09,33,6.8
1406,AS14.26,2014-05-10,33,8.0
1407,AS14.26,2014-05-11,33,6.2
1408,AS14.26,2014-05-12,33,6.4
1409,AS14.26,2014-05-13,33,7.0
1410,AS14.26,2014-05-14,33,6.0
1411,AS14.26,2014-05-15,33,6.4
1412,AS14.26,2014-05-16,33,7.4
1413,AS14.26,2014-05-17,33,7.4
1414,AS14.26,2014-05-18,33,7.2
1415,AS14.26,2014-05-19,33,7.4
1416,AS14.26,2014-05-20,33,7.6
1417,AS14.26,2014-05-21,33,7.0
1418,AS14.26,2014-05-22,33,6.6
1419,AS14.26,2014-05-23,33,6.2
1420,AS14.26,2014-05-24,33,7.6
1421,AS14.26,2014-05-25,33,8.0
1422,AS14.26,2014-05-26,33,7.2
1423,AS14.26,2014-05-27,33,5.8
1424,AS14.26,2014-05-28,33,5.4
1425,AS14.26,2014-05-29,33,7.4
1426,AS14.26,2014-05-30,33,6.4
1464,AS14.27,2014-04-03,34,7.4
1465,AS14.27,2014-04-04,34,7.0
1466,AS14.27,2014-04-05,34,7.4
1467,AS14.27,2014-04-06,34,7.0
1468,AS14.27,2014-04-07,34,7.6
1469,AS14.27,2014-04-08,34,7.6
1470,AS14.27,2014-04-09,34,7.0
1471,AS14.27,2014-04-10,34,7.4
1472,AS14.27,2014-04-11,34,5.8
1473,AS14.27,2014-04-12,34,7.0
1474,AS14.27,2014-04-13,34,8.75
1475,AS14.27,2014-04-14,34,7.6
1476,AS14.27,2014-04-15,34,7.2
1477,AS14.27,2014-04-16,34,7.8
1478,AS14.27,2014-04-17,34,7.6
1479,AS14.27,2014-04-18,34,8.6
1480,AS14.27,2014-04-19,34,7.5
1481,AS14.27,2014-04-20,34,7.2
1482,AS14.27,2014-04-21,34,6.8
1483,AS14.27,2014-04-22,34,7.8
1484,AS14.27,2014-04-23,34,8.0
1485,AS14.27,2014-04-24,34,7.6
1486,AS14.27,2014-04-25,34,7.6
1487,AS14.27,2014-04-26,34,9.333333333333334
1488,AS14.27,2014-04-27,34,8.0
1489,AS14.27,2014-04-28,34,7.8
1490,AS14.27,2014-04-29,34,7.2
1491,AS14.27,2014-04-30,34,6.6
1492,AS14.27,2014-05-01,34,7.6
1493,AS14.27,2014-05-02,34,7.2
1494,AS14.27,2014-05-03,34,6.4
1495,AS14.27,2014-05-04,34,7.4
1496,AS14.27,2014-05-05,34,7.666666666666667
1498,AS14.27,2014-05-07,35,7.8
1499,AS14.27,2014-05-08,35,7.0
1500,AS14.27,2014-05-09,35,6.4
1501,AS14.27,2014-05-10,35,6.6
1502,AS14.27,2014-05-11,35,7.0
1503,AS14.27,2014-05-12,35,7.8
1504,AS14.27,2014-05-13,35,6.8
1505,AS14.27,2014-05-14,35,7.5
1506,AS14.27,2014-05-15,35,7.0
1526,AS14.28,2014-03-31,36,6.5
1527,AS14.28,2014-04-01,36,7.5
1528,AS14.28,2014-04-02,36,6.8
1529,AS14.28,2014-04-03,36,8.0
1530,AS14.28,2014-04-04,36,5.75
1531,AS14.28,2014-04-05,36,7.6
1532,AS14.28,2014-04-06,36,7.2
1533,AS14.28,2014-04-07,36,8.0
1534,AS14.28,2014-04-08,36,7.8
1535,AS14.28,2014-04-09,36,7.0
1536,AS14.28,2014-04-10,36,7.0
1537,AS14.28,2014-04-11,36,7.4
1538,AS14.28,2014-04-12,36,7.8
1539,AS14.28,2014-04-13,36,7.2
1540,AS14.28,2014-04-14,36,6.8
1541,AS14.28,2014-04-15,36,6.8
1542,AS14.28,2014-04-16,36,6.2
1543,AS14.28,2014-04-17,36,7.8
1544,AS14.28,2014-04-18,36,5.8
1545,AS14.28,2014-04-19,36,6.75
1546,AS14.28,2014-04-20,36,7.8
1547,AS14.28,2014-04-21,36,8.0
1548,AS14.28,2014-04-22,36,7.25
1549,AS14.28,2014-04-23,36,7.0
1550,AS14.28,2014-04-24,36,8.0
1551,AS14.28,2014-04-25,36,7.0
1552,AS14.28,2014-04-26,36,8.0
1553,AS14.28,2014-04-27,36,7.25
1554,AS14.28,2014-04-28,36,7.5
1555,AS14.28,2014-04-29,36,7.0
1556,AS14.28,2014-04-30,36,6.2
1557,AS14.28,2014-05-01,36,6.4
1558,AS14.28,2014-05-02,36,6.8
1559,AS14.28,2014-05-03,36,7.4
1560,AS14.28,2014-05-04,36,6.8
1561,AS14.28,2014-05-05,36,7.0
1594,AS14.29,2014-04-02,38,8.5
1595,AS14.29,2014-04-03,38,7.25
1596,AS14.29,2014-04-04,38,8.0
1597,AS14.29,2014-04-05,38,8.2
1598,AS14.29,2014-04-06,38,7.75
1599,AS14.29,2014-04-07,38,7.2
1600,AS14.29,2014-04-08,38,7.8
1601,AS14.29,2014-04-09,38,7.6
1602,AS14.29,2014-04-10,38,8.6
1603,AS14.29,2014-04-11,38,7.2
1604,AS14.29,2014-04-12,38,8.25
1605,AS14.29,2014-04-13,38,8.2
1606,AS14.29,2014-04-14,38,8.0
1607,AS14.29,2014-04-15,38,8.25
1608,AS14.29,2014-04-16,38,7.8
1609,AS14.29,2014-04-17,38,7.6
1610,AS14.29,2014-04-18,38,8.0
1611,AS14.29,2014-04-19,38,7.0
1612,AS14.29,2014-04-20,38,7.5
1613,AS14.29,2014-04-21,38,7.2
1614,AS14.29,2014-04-22,38,6.4
1615,AS14.29,2014-04-23,38,7.6
1616,AS14.29,2014-04-24,38,7.8
1617,AS14.29,2014-04-25,38,7.5
1618,AS14.29,2014-04-26,38,6.0
1619,AS14.29,2014-04-27,38,6.5
1620,AS14.29,2014-04-28,38,7.0
1621,AS14.29,2014-04-29,38,7.6
1622,AS14.29,2014-04-30,38,7.8
1623,AS14.29,2014-05-01,38,7.6
1629,AS14.29,2014-05-07,40,7.8
1630,AS14.29,2014-05-08,40,7.8
1631,AS14.29,2014-05-09,40,7.4
1632,AS14.29,2014-05-10,40,7.0
1633,AS14.29,2014-05-11,40,7.0
1634,AS14.29,2014-05-12,40,7.6
1635,AS14.29,2014-05-13,40,8.2
1636,AS14.29,2014-05-14,40,7.6
1637,AS14.29,2014-05-15,40,6.0
1661,AS14.30,2014-03-20,41,7.0
1662,AS14.30,2014-03-21,41,7.8
1663,AS14.30,2014-03-22,41,7.6
1664,AS14.30,2014-03-23,41,7.8
1665,AS14.30,2014-03-24,41,7.8
1666,AS14.30,2014-03-25,41,8.0
1667,AS14.30,2014-03-26,41,6.8
1668,AS14.30,2014-03-27,41,7.75
1669,AS14.30,2014-03-28,41,7.8
1670,AS14.30,2014-03-29,41,8.4
1671,AS14.30,2014-03-30,41,7.6
1672,AS14.30,2014-03-31,41,7.6
1673,AS14.30,2014-04-01,41,7.8
1674,AS14.30,2014-04-02,41,7.6
1675,AS14.30,2014-04-03,41,8.0
1676,AS14.30,2014-04-04,41,7.8
1677,AS14.30,2014-04-05,41,8.0
1678,AS14.30,2014-04-06,41,8.0
1679,AS14.30,2014-04-07,41,7.6
1680,AS14.30,2014-04-08,41,7.8
1681,AS14.30,2014-04-09,41,7.75
1682,AS14.30,2014-04-10,41,8.2
1683,AS14.30,2014-04-11,41,7.666666666666667
1684,AS14.30,2014-04-12,41,7.8
1685,AS14.30,2014-04-13,41,7.2
1686,AS14.30,2014-04-14,41,7.75
1687,AS14.30,2014-04-15,41,7.6
1688,AS14.30,2014-04-16,41,8.4
1689,AS14.30,2014-04-17,41,7.6
1690,AS14.30,2014-04-18,41,7.4
1691,AS14.30,2014-04-19,41,7.8
1692,AS14.30,2014-04-20,41,7.75
1693,AS14.30,2014-04-21,41,7.8
1694,AS14.30,2014-04-22,41,8.0
1695,AS14.30,2014-04-23,41,7.6
1696,AS14.30,2014-04-24,41,8.2
1697,AS14.30,2014-04-25,41,7.5
1698,AS14.30,2014-04-26,41,7.8
1699,AS14.30,2014-04-27,41,7.8
1700,AS14.30,2014-04-28,41,8.0
1701,AS14.30,2014-04-29,41,8.0
1702,AS14.30,2014-04-30,41,7.8
1703,AS14.30,2014-05-01,41,8.2
1704,AS14.30,2014-05-02,41,8.0
1705,AS14.30,2014-05-03,41,7.8
1706,AS14.30,2014-05-04,41,7.8
1707,AS14.30,2014-05-05,41,8.0
1742,AS14.31,2014-04-02,42,6.666666666666667
1743,AS14.31,2014-04-03,42,6.6
1744,AS14.31,2014-04-04,42,6.8
1745,AS14.31,2014-04-05,42,7.4
1746,AS14.31,2014-04-06,42,6.6
1747,AS14.31,2014-04-07,42,6.6
1748,AS14.31,2014-04-08,42,7.0
1749,AS14.31,2014-04-09,42,7.0
1750,AS14.31,2014-04-10,42,7.2
1751,AS14.31,2014-04-11,42,7.8
1752,AS14.31,2014-04-12,42,7.0
1753,AS14.31,2014-04-13,42,6.8
1754,AS14.31,2014-04-14,42,6.2
1755,AS14.31,2014-04-15,42,7.0
1756,AS14.31,2014-04-16,42,6.75
1757,AS14.31,2014-04-17,42,7.0
1758,AS14.31,2014-04-18,42,6.8
1759,AS14.31,2014-04-19,42,7.8
1760,AS14.31,2014-04-20,42,8.0
1761,AS14.31,2014-04-21,42,6.4
1762,AS14.31,2014-04-22,42,7.0
1763,AS14.31,2014-04-23,42,7.0
1764,AS14.31,2014-04-24,42,6.5
1765,AS14.31,2014-04-25,42,7.0
1766,AS14.31,2014-04-26,42,7.0
1767,AS14.31,2014-04-27,42,7.4
1768,AS14.31,2014-04-28,42,6.8
1769,AS14.31,2014-04-29,42,7.0
1770,AS14.31,2014-04-30,42,7.0
1771,AS14.31,2014-05-01,42,7.0
1772,AS14.31,2014-05-02,42,7.0
1773,AS14.31,2014-05-03,42,7.4
1774,AS14.31,2014-05-04,42,7.2
1775,AS14.31,2014-05-05,42,7.0
1776,AS14.31,2014-05-07,43,6.75
1777,AS14.31,2014-05-08,43,7.0
1778,AS14.31,2014-05-09,43,7.0
1779,AS14.31,2014-05-10,43,7.333333333333333
1780,AS14.31,2014-05-11,43,7.0
1781,AS14.31,2014-05-12,43,7.0
1782,AS14.31,2014-05-13,43,7.0
1783,AS14.31,2014-05-14,43,7.0
1784,AS14.31,2014-05-15,43,7.0
1828,AS14.32,2014-04-01,44,8.0
1829,AS14.32,2014-04-02,44,7.0
1830,AS14.32,2014-04-03,44,8.0
1831,AS14.32,2014-04-04,44,8.0
1832,AS14.32,2014-04-05,44,8.4
1833,AS14.32,2014-04-06,44,7.6
1834,AS14.32,2014-04-07,44,7.0
1835,AS14.32,2014-04-08,44,7.8
1836,AS14.32,2014-04-09,44,7.333333333333333
1837,AS14.32,2014-04-10,44,8.25
1838,AS14.32,2014-04-11,44,7.666666666666667
1839,AS14.32,2014-04-12,44,8.6
1840,AS14.32,2014-04-13,44,8.0
1841,AS14.32,2014-04-14,44,7.5
1842,AS14.32,2014-04-15,44,8.0
1843,AS14.32,2014-04-16,44,8.5
1844,AS14.32,2014-04-17,44,8.5
1845,AS14.32,2014-04-18,44,7.0
1854,AS14.32,2014-04-27,47,7.0
1855,AS14.32,2014-04-28,47,7.5
1856,AS14.32,2014-04-29,47,8.0
1857,AS14.32,2014-04-30,47,7.0
1858,AS14.32,2014-05-01,47,7.0
1859,AS14.32,2014-05-02,47,7.25
1860,AS14.32,2014-05-03,47,7.5
1861,AS14.32,2014-05-04,47,8.666666666666666
1862,AS14.32,2014-05-05,47,7.0
1864,AS14.32,2014-05-07,48,6.0
1865,AS14.32,2014-05-08,48,6.0
1866,AS14.32,2014-05-09,48,7.75
1867,AS14.32,2014-05-10,48,7.25
1868,AS14.32,2014-05-11,48,7.2
1869,AS14.32,2014-05-12,48,7.2
1927,AS14.33,2014-04-16,49,7.0
1928,AS14.33,2014-04-17,49,7.2
1929,AS14.33,2014-04-18,49,7.4
1930,AS14.33,2014-04-19,49,7.666666666666667
1931,AS14.33,2014-04-20,49,7.4
1932,AS14.33,2014-04-21,49,7.2
1933,AS14.33,2014-04-22,49,6.2
1934,AS14.33,2014-04-23,49,5.2
1935,AS14.33,2014-04-24,49,7.0
1936,AS14.33,2014-04-25,49,8.4
1937,AS14.33,2014-04-26,49,7.6
1938,AS14.33,2014-04-27,49,6.2
1939,AS14.33,2014-04-28,49,6.75
1940,AS14.33,2014-04-29,49,6.2
1941,AS14.33,2014-04-30,49,6.4
1942,AS14.33,2014-05-01,49,7.0
1948,AS14.33,2014-05-07,51,5.0
1949,AS14.33,2014-05-08,51,6.6
1950,AS14.33,2014-05-09,51,4.8
1951,AS14.33,2014-05-10,51,7.6
1952,AS14.33,2014-05-11,51,6.0
1953,AS14.33,2014-05-12,51,6.0
1954,AS14.33,2014-05-13,51,5.0
1955,AS14.33,2014-05-14,51,6.833333333333333
1956,AS14.33,2014-05-15,51,6.0
1957,AS14.33,2014-05-16,51,7.0
1958,AS14.33,2014-05-17,51,6.0
1959,AS14.33,2014-05-18,51,6.0
1960,AS14.33,2014-05-19,51,6.2
1961,AS14.33,2014-05-20,51,6.25
1962,AS14.33,2014-05-21,51,6.0
1963,AS14.33,2014-05-22,51,5.75
1964,AS14.33,2014-05-23,51,5.833333333333333
1965,AS14.33,2014-05-24,51,6.4
1966,AS14.33,2014-05-25,51,6.25
1967,AS14.33,2014-05-26,51,5.4
1968,AS14.33,2014-05-27,51,6.2
1969,AS14.33,2014-05-28,51,8.2
1970,AS14.33,2014-05-29,51,7.0
1971,AS14.33,2014-05-30,51,6.8
1972,AS14.33,2014-05-31,51,7.0
